App,Function
LinkMap,System control
ShadowCast,Wiring + electrical
AutoView,File system helpers
EchoVault,Builder utilities
PulseFlow,Project planner
FireTracker,Project planner
EchoMap,Data visualization
SteelEngine,Blueprint compiler
NodeScan,Auto diagnostics
FireTool,File system helpers
WireTool,Garage simulation
WireTool,File system helpers
WireView,Wiring + electrical
DreamTool,System control
EchoEngine,Performance tuning
WireShell,Project planner
GhostTool,Scheduler / Tracker
LinkFlow,Garage simulation
DreamTuner,Wiring + electrical
GhostView,Scheduler / Tracker
ShadowShell,Comms + messaging
WraithView,Builder utilities
NodeCraft,Performance tuning
SteelShell,Builder utilities
PulseCore,Project planner
WireTuner,Wiring + electrical
DreamCraft,Data visualization
SteelTracker,Data visualization
ShadowFlow,Performance tuning
EchoMap,Performance tuning
PhantomCore,Creative tools
SteelMap,Performance tuning
SteelDrive,Auto diagnostics
DreamCore,File system helpers
PulseDrive,Comms + messaging
PulseCraft,Part lookup
WraithEngine,Part lookup
WireView,Security + audit
ShadowVault,Part lookup
DreamFlow,Auto diagnostics
NodeCast,Part lookup
AutoTuner,System control
PhantomView,Garage simulation
PhantomView,Blueprint compiler
WraithCast,Creative tools
SteelEngine,Auto diagnostics
ForgeMap,Scheduler / Tracker
PulseMap,Performance tuning
SteelScan,Scheduler / Tracker
PhantomShell,Command line tools
PulseFlow,Blueprint compiler
PulseMap,Scheduler / Tracker
WireMap,System control
PulseCore,Comms + messaging
WraithMap,Performance tuning
GhostTuner,Part lookup
WraithMap,Comms + messaging
AutoVault,Wiring + electrical
PulseTool,Comms + messaging
PhantomEngine,Part lookup
NodeTool,System control
FireFrame,Auto diagnostics
ShadowDrive,Garage simulation
PulseScan,Performance tuning
NodeEngine,Project planner
LinkCraft,Garage simulation
AutoFrame,Builder utilities
DreamTracker,File system helpers
FireFlow,Security + audit
WraithCraft,Command line tools
FireDrive,Data visualization
PulseMap,Creative tools
NodeCraft,Auto diagnostics
DreamTracker,System control
ForgeVault,Project planner
PulseShell,Builder utilities
LinkCast,File system helpers
FireDrive,Command line tools
ForgeTool,Creative tools
ForgeView,Scheduler / Tracker
FireFlow,System control
WraithTracker,Garage simulation
GhostFlow,Scheduler / Tracker
EchoFrame,System control
ShadowFlow,Comms + messaging
FireFrame,Creative tools
ForgeMap,Command line tools
WraithVault,Security + audit
FireVault,Security + audit
WraithVault,Builder utilities
EchoVault,Security + audit
EchoCast,Wiring + electrical
AutoShell,System control
SteelTracker,Part lookup
WraithCast,Auto diagnostics
ShadowTool,Command line tools
SteelDrive,Scheduler / Tracker
ForgeShell,Auto diagnostics
WraithTuner,Wiring + electrical
PhantomScan,Creative tools
DreamView,Performance tuning
LinkTool,Data visualization
WraithView,Scheduler / Tracker
ShadowCore,Performance tuning
PulseView,Blueprint compiler
EchoFlow,Wiring + electrical
FireTool,Command line tools
PulseTracker,Part lookup
SteelFrame,Creative tools
LinkTracker,Wiring + electrical
FireFrame,Data visualization
PulseShell,Garage simulation
PulseShell,Performance tuning
WraithVault,Creative tools
SteelCore,Data visualization
ForgeCraft,Scheduler / Tracker
ForgeFlow,Data visualization
WireMap,Performance tuning
WireCast,Wiring + electrical
EchoTuner,Wiring + electrical
WraithFrame,Scheduler / Tracker
WireEngine,Auto diagnostics
ShadowVault,Comms + messaging
LinkCast,Performance tuning
NodeCraft,Auto diagnostics
FireFrame,Security + audit
GhostFlow,Scheduler / Tracker
EchoCraft,Command line tools
WireMap,Garage simulation
ShadowFlow,System control
LinkTracker,System control
DreamFrame,Command line tools
WraithEngine,Data visualization
FireFlow,Performance tuning
LinkCore,Garage simulation
LinkEngine,Garage simulation
NodeFrame,System control
WireShell,Creative tools
FireCraft,Comms + messaging
LinkEngine,Performance tuning
PhantomVault,System control
GhostScan,Data visualization
WraithEngine,Creative tools
WraithEngine,System control
EchoEngine,Wiring + electrical
AutoCast,Builder utilities
NodeView,Project planner
FireCore,Security + audit
SteelScan,Builder utilities
FireScan,System control
EchoVault,Creative tools
AutoEngine,Wiring + electrical
WraithVault,Command line tools
AutoShell,Auto diagnostics
LinkTuner,Scheduler / Tracker
DreamTuner,Wiring + electrical
GhostTracker,Wiring + electrical
LinkTuner,Wiring + electrical
WireVault,Scheduler / Tracker
LinkView,Project planner
DreamCast,Security + audit
ShadowEngine,Scheduler / Tracker
GhostShell,Security + audit
ShadowCast,System control
WireShell,Blueprint compiler
WraithCraft,Auto diagnostics
ShadowCraft,Scheduler / Tracker
ForgeCraft,Part lookup
PulseTool,Blueprint compiler
FireScan,Creative tools
WireShell,Performance tuning
AutoCast,Blueprint compiler
LinkFlow,System control
DreamEngine,Data visualization
AutoCore,Auto diagnostics
GhostEngine,Garage simulation
FireDrive,Garage simulation
NodeShell,Performance tuning
PhantomView,Comms + messaging
WireFlow,Wiring + electrical
DreamCore,Builder utilities
NodeDrive,Performance tuning
ForgeCore,Creative tools
AutoShell,Blueprint compiler
PulseCraft,Wiring + electrical
PhantomTool,File system helpers
GhostFrame,Builder utilities
AutoCore,Performance tuning
WireEngine,Project planner
FireView,Comms + messaging
EchoFrame,Project planner
GhostEngine,Creative tools
PhantomEngine,Performance tuning
FireDrive,File system helpers
WireTuner,Command line tools
NodeCast,Project planner
PulseTool,Security + audit
LinkTuner,Creative tools
NodeDrive,Project planner
WraithTracker,Performance tuning
EchoTracker,Blueprint compiler
SteelCast,Performance tuning
LinkScan,Data visualization
NodeCast,Creative tools
EchoMap,Data visualization
EchoTuner,Command line tools
WraithTracker,Creative tools
LinkTool,Security + audit
ShadowTracker,File system helpers
ForgeDrive,Data visualization
WraithVault,Comms + messaging
NodeScan,Creative tools
WraithVault,Command line tools
WireView,Garage simulation
ForgeDrive,Comms + messaging
EchoScan,Garage simulation
FireView,Garage simulation
WraithScan,System control
DreamEngine,Blueprint compiler
SteelCast,Part lookup
WraithCraft,File system helpers
ForgeCast,Wiring + electrical
ForgeScan,Builder utilities
WraithCore,Wiring + electrical
SteelFlow,Creative tools
GhostShell,Garage simulation
GhostScan,File system helpers
FireEngine,Garage simulation
GhostView,Scheduler / Tracker
GhostDrive,Project planner
NodeCore,Blueprint compiler
PulseScan,Creative tools
SteelShell,Part lookup
ShadowFrame,Creative tools
AutoCore,Auto diagnostics
PulseFrame,Auto diagnostics
LinkFrame,Command line tools
ForgeShell,Security + audit
FireDrive,Builder utilities
WireTracker,File system helpers
ForgeTracker,Performance tuning
AutoTracker,Data visualization
EchoCore,Auto diagnostics
PulseFlow,System control
GhostTool,Project planner
PulseCast,Part lookup
EchoEngine,Creative tools
NodeCast,Scheduler / Tracker
PulseShell,Auto diagnostics
EchoScan,Scheduler / Tracker
AutoMap,Comms + messaging
SteelVault,File system helpers
ShadowDrive,Performance tuning
EchoTracker,Auto diagnostics
ShadowFrame,Comms + messaging
EchoVault,Scheduler / Tracker
NodeTracker,Performance tuning
GhostEngine,Performance tuning
DreamTracker,Project planner
AutoFlow,Comms + messaging
SteelFlow,Part lookup
GhostTracker,File system helpers
PulseDrive,Part lookup
EchoVault,Auto diagnostics
WireFlow,Wiring + electrical
FireVault,Project planner
WraithMap,Data visualization
AutoTracker,Garage simulation
AutoFrame,System control
PhantomFrame,Project planner
LinkVault,Data visualization
GhostShell,Garage simulation
SteelCast,Auto diagnostics
PhantomTuner,System control
ShadowView,Performance tuning
PulseFrame,Creative tools
LinkCore,Performance tuning
SteelCore,Project planner
PulseDrive,Scheduler / Tracker
WireMap,File system helpers
EchoCraft,Scheduler / Tracker
FireTracker,Garage simulation
WraithEngine,Creative tools
EchoCraft,Scheduler / Tracker
NodeTool,Blueprint compiler
ForgeScan,Wiring + electrical
AutoCast,Builder utilities
AutoView,System control
WireCast,Command line tools
NodeCore,Command line tools
AutoCore,Command line tools
ShadowVault,Data visualization
AutoFlow,Project planner
WireMap,Garage simulation
ShadowVault,Comms + messaging
GhostCore,Blueprint compiler
AutoTool,Security + audit
LinkVault,Blueprint compiler
GhostDrive,Creative tools
NodeCore,Data visualization
EchoCast,Security + audit
WraithEngine,Command line tools
ShadowDrive,Wiring + electrical
EchoTuner,File system helpers
ForgeCore,System control
SteelTracker,System control
SteelView,Performance tuning
AutoMap,Project planner
ShadowTracker,System control
GhostTool,Part lookup
DreamEngine,Creative tools
FireTuner,System control
WraithFlow,Builder utilities
ForgeFrame,Project planner
EchoFlow,Command line tools
FireFlow,Security + audit
ShadowCraft,Command line tools
DreamCore,Scheduler / Tracker
AutoDrive,Comms + messaging
DreamMap,System control
PhantomTracker,Blueprint compiler
LinkTuner,Project planner
NodeShell,Data visualization
FireView,Part lookup
EchoScan,System control
EchoFrame,Part lookup
GhostCraft,Security + audit
ShadowCast,Scheduler / Tracker
EchoDrive,Auto diagnostics
WraithDrive,Creative tools
EchoView,System control
ForgeFlow,Performance tuning
ForgeEngine,Data visualization
EchoTuner,Comms + messaging
GhostShell,Blueprint compiler
WraithShell,Command line tools
GhostVault,Security + audit
EchoScan,File system helpers
WraithMap,Project planner
FireEngine,Scheduler / Tracker
SteelMap,Security + audit
SteelVault,Auto diagnostics
GhostView,Command line tools
PulseFlow,Builder utilities
WireVault,Part lookup
AutoView,Creative tools
EchoVault,File system helpers
LinkFrame,Garage simulation
WireCraft,Comms + messaging
DreamTracker,File system helpers
ShadowTracker,Auto diagnostics
PulseCore,Scheduler / Tracker
ShadowTool,System control
FireCraft,Builder utilities
ShadowTracker,Command line tools
EchoTuner,Wiring + electrical
ShadowCore,Auto diagnostics
FireDrive,File system helpers
WireCraft,File system helpers
WireFrame,Project planner
NodeCast,Comms + messaging
SteelTuner,Project planner
PulseShell,Blueprint compiler
PhantomEngine,Auto diagnostics
LinkFlow,Auto diagnostics
ForgeView,Builder utilities
PulseEngine,Comms + messaging
EchoMap,Part lookup
WireShell,Scheduler / Tracker
LinkView,System control
SteelDrive,Comms + messaging
PhantomFrame,Project planner
WireTool,Performance tuning
PulseVault,System control
NodeCraft,Scheduler / Tracker
WraithFrame,Garage simulation
DreamCraft,Security + audit
PulseCast,Scheduler / Tracker
EchoView,System control
EchoDrive,File system helpers
WraithTracker,Command line tools
PhantomCast,Blueprint compiler
DreamMap,Command line tools
EchoEngine,System control
NodeTuner,Creative tools
DreamTuner,System control
SteelTracker,Blueprint compiler
SteelDrive,Builder utilities
LinkVault,File system helpers
LinkFlow,Project planner
PulseFrame,File system helpers
NodeEngine,Project planner
WireFrame,Garage simulation
FireMap,System control
WraithView,Wiring + electrical
LinkVault,Security + audit
LinkEngine,Creative tools
DreamView,Data visualization
LinkCast,Project planner
AutoShell,File system helpers
ForgeCast,Wiring + electrical
SteelVault,Builder utilities
FireTuner,Wiring + electrical
FireTracker,Garage simulation
WireCore,Blueprint compiler
LinkCore,Blueprint compiler
DreamScan,Creative tools
DreamDrive,Command line tools
DreamCraft,Garage simulation
AutoFlow,System control
GhostFlow,Security + audit
NodeDrive,Garage simulation
ForgeScan,Creative tools
GhostTracker,Performance tuning
WireScan,Auto diagnostics
GhostCast,Garage simulation
AutoCore,Comms + messaging
DreamCraft,Auto diagnostics
WraithCast,Data visualization
GhostCast,Comms + messaging
SteelFlow,Comms + messaging
WireMap,Blueprint compiler
AutoCore,Performance tuning
WireTuner,Performance tuning
AutoCore,Creative tools
FireVault,Wiring + electrical
WireDrive,Security + audit
ForgeCore,Command line tools
PhantomShell,System control
PulseDrive,Wiring + electrical
SteelMap,Performance tuning
GhostTracker,Security + audit
PulseEngine,Builder utilities
WireCast,Creative tools
ForgeFrame,System control
GhostCore,Creative tools
NodeDrive,Builder utilities
ShadowShell,Builder utilities
AutoCore,Command line tools
ForgeDrive,Project planner
GhostMap,Data visualization
PulseFlow,Command line tools
AutoShell,Blueprint compiler
GhostTuner,Blueprint compiler
EchoTuner,Part lookup
WraithTuner,Performance tuning
DreamCast,Blueprint compiler
ShadowScan,Scheduler / Tracker
AutoDrive,File system helpers
ShadowScan,Creative tools
LinkScan,Data visualization
FireFlow,Blueprint compiler
ShadowTuner,Project planner
DreamMap,Project planner
GhostCast,Security + audit
ForgeCraft,Builder utilities
WireEngine,Blueprint compiler
ShadowVault,Builder utilities
SteelTuner,Auto diagnostics
FireFlow,Command line tools
EchoCore,Scheduler / Tracker
ForgeMap,Wiring + electrical
FireTuner,Auto diagnostics
FireDrive,Comms + messaging
WireTracker,Data visualization
NodeTuner,Builder utilities
NodeView,Data visualization
PhantomShell,Part lookup
GhostEngine,Performance tuning
NodeFrame,Blueprint compiler
WireTuner,Part lookup
EchoFlow,Data visualization
PulseShell,File system helpers
AutoCore,Data visualization
LinkTool,Builder utilities
ShadowTool,Wiring + electrical
EchoTracker,Security + audit
WireView,Part lookup
PhantomCore,Project planner
DreamCraft,Comms + messaging
PulseScan,File system helpers
FireCraft,Creative tools
PulseTracker,File system helpers
ForgeCraft,Builder utilities
GhostEngine,Data visualization
LinkFlow,Creative tools
NodeVault,Security + audit
ForgeVault,File system helpers
FireEngine,Garage simulation
WireTuner,Garage simulation
AutoCraft,Project planner
AutoEngine,Data visualization
EchoCast,Wiring + electrical
GhostEngine,File system helpers
NodeVault,Creative tools
WireDrive,Creative tools
SteelEngine,Wiring + electrical
EchoView,Garage simulation
GhostView,System control
LinkCast,Command line tools
SteelTool,Garage simulation
WraithFlow,Performance tuning
AutoMap,Creative tools
LinkFlow,Comms + messaging
WireEngine,Project planner
WireFlow,Wiring + electrical
GhostView,Builder utilities
SteelTuner,Performance tuning
DreamMap,Performance tuning
DreamEngine,Performance tuning
NodeFlow,Performance tuning
LinkVault,Data visualization
LinkCast,Blueprint compiler
DreamMap,Auto diagnostics
WireTool,File system helpers
SteelView,Part lookup
EchoFlow,System control
ForgeMap,Scheduler / Tracker
GhostView,Command line tools
NodeTool,Wiring + electrical
AutoShell,Part lookup
LinkTracker,Part lookup
SteelDrive,Creative tools
WraithFlow,Auto diagnostics
PulseFlow,Command line tools
SteelVault,Performance tuning
PulseEngine,Wiring + electrical
EchoScan,Security + audit
ForgeFrame,Wiring + electrical
NodeEngine,Security + audit
DreamScan,Comms + messaging
GhostMap,Project planner
ShadowTuner,Security + audit
EchoCast,Auto diagnostics
WraithMap,Scheduler / Tracker
PulseCraft,Security + audit
DreamShell,Performance tuning
SteelEngine,Scheduler / Tracker
WraithScan,Project planner
WireVault,Part lookup
ShadowTuner,Comms + messaging
GhostVault,Project planner
PhantomTool,Auto diagnostics
FireCraft,Project planner
PulseView,Garage simulation
WraithTuner,Command line tools
FireScan,Project planner
PulseTuner,Scheduler / Tracker
ShadowFlow,System control
LinkTool,File system helpers
LinkView,File system helpers
PulseCore,Garage simulation
ForgeMap,System control
LinkCast,Builder utilities
SteelTool,Performance tuning
ForgeTool,Auto diagnostics
WraithFlow,Comms + messaging
EchoMap,System control
PhantomFrame,Wiring + electrical
ForgeShell,Comms + messaging
FireCore,Comms + messaging
ShadowFlow,Creative tools
ShadowView,Project planner
ForgeCast,Comms + messaging
DreamTracker,Creative tools
SteelDrive,System control
AutoCast,Comms + messaging
GhostCraft,System control
DreamCraft,Command line tools
EchoTuner,Project planner
FireEngine,Part lookup
NodeMap,Builder utilities
PulseMap,Blueprint compiler
WraithCore,Scheduler / Tracker
GhostDrive,File system helpers
ForgeTracker,File system helpers
NodeVault,Part lookup
ShadowFrame,Creative tools
ShadowTracker,Command line tools
NodeView,Blueprint compiler
EchoTuner,Wiring + electrical
NodeFlow,Builder utilities
FireTracker,Project planner
EchoMap,Project planner
WireCast,Scheduler / Tracker
EchoShell,Wiring + electrical
ForgeCraft,Data visualization
DreamTracker,File system helpers
AutoCraft,Part lookup
EchoMap,Security + audit
AutoEngine,Project planner
AutoMap,Creative tools
WireTool,Creative tools
ShadowShell,Auto diagnostics
LinkCore,Data visualization
FireMap,Blueprint compiler
SteelMap,Data visualization
WireFlow,Command line tools
WireMap,Scheduler / Tracker
FireTracker,Blueprint compiler
PulseCraft,Creative tools
FireVault,Scheduler / Tracker
PhantomShell,Data visualization
PhantomCore,Garage simulation
AutoDrive,Auto diagnostics
WraithCraft,Command line tools
AutoScan,Project planner
ForgeScan,Performance tuning
PhantomCast,Wiring + electrical
ShadowMap,Comms + messaging
PulseFlow,Builder utilities
ShadowTool,Scheduler / Tracker
NodeVault,File system helpers
ShadowFlow,Creative tools
ForgeMap,Project planner
AutoFrame,Scheduler / Tracker
PulseMap,Comms + messaging
GhostCast,Security + audit
DreamMap,Garage simulation
WireFrame,Auto diagnostics
FireView,Builder utilities
LinkShell,Blueprint compiler
PulseCraft,Data visualization
ForgeCast,Data visualization
FireFlow,Auto diagnostics
EchoTracker,Command line tools
LinkFlow,Wiring + electrical
FireMap,Builder utilities
EchoCraft,Creative tools
AutoEngine,Creative tools
PhantomScan,Wiring + electrical
PulseEngine,Data visualization
PulseMap,Security + audit
AutoFlow,Wiring + electrical
PulseVault,Wiring + electrical
ForgeShell,Wiring + electrical
PulseCore,Project planner
SteelScan,Garage simulation
GhostShell,System control
WraithView,Security + audit
WraithDrive,Garage simulation
DreamShell,Performance tuning
EchoTracker,Command line tools
AutoShell,Creative tools
GhostMap,Security + audit
AutoFrame,System control
WireTracker,Comms + messaging
ForgeTracker,Performance tuning
GhostVault,Command line tools
DreamMap,Data visualization
LinkCraft,Part lookup
ShadowEngine,Project planner
PhantomFlow,Performance tuning
AutoTuner,Blueprint compiler
LinkVault,Security + audit
GhostCast,File system helpers
FireCraft,Data visualization
SteelFlow,File system helpers
ShadowCast,System control
ForgeCast,Project planner
NodeFlow,Performance tuning
LinkTracker,Wiring + electrical
EchoFrame,Project planner
FireCore,Builder utilities
WireMap,Command line tools
LinkTool,Wiring + electrical
LinkFrame,Comms + messaging
AutoMap,Builder utilities
EchoCraft,Comms + messaging
ShadowCast,Garage simulation
WraithView,Auto diagnostics
WireTool,Scheduler / Tracker
AutoMap,Command line tools
NodeCast,Project planner
GhostMap,Part lookup
WraithView,Comms + messaging
WireMap,Creative tools
LinkFrame,Auto diagnostics
SteelEngine,Creative tools
PhantomTool,System control
AutoFrame,Part lookup
PhantomTracker,Scheduler / Tracker
LinkView,Scheduler / Tracker
PhantomEngine,Blueprint compiler
LinkTool,Builder utilities
PulseTuner,Part lookup
AutoMap,Performance tuning
AutoScan,Auto diagnostics
NodeScan,Part lookup
PhantomTracker,Performance tuning
WraithFlow,File system helpers
SteelCore,Builder utilities
FireFrame,Comms + messaging
PhantomShell,Wiring + electrical
WireCraft,Part lookup
DreamTool,Auto diagnostics
WireTuner,Comms + messaging
SteelTuner,System control
NodeFrame,Creative tools
DreamEngine,Data visualization
WireTracker,Comms + messaging
NodeScan,Performance tuning
WraithDrive,Builder utilities
PhantomEngine,Data visualization
AutoDrive,Security + audit
NodeDrive,Security + audit
WraithTracker,Data visualization
ForgeDrive,Security + audit
LinkDrive,Command line tools
WraithCraft,Creative tools
SteelEngine,Creative tools
FireFrame,Command line tools
PulseFrame,Project planner
LinkEngine,Builder utilities
DreamEngine,Auto diagnostics
GhostTuner,Wiring + electrical
EchoVault,Project planner
DreamTuner,Project planner
FireTracker,Security + audit
SteelDrive,Comms + messaging
AutoCast,File system helpers
WireCore,Command line tools
PhantomTracker,Auto diagnostics
ShadowEngine,Builder utilities
PulseMap,Part lookup
ShadowFrame,Project planner
FireCore,Auto diagnostics
GhostTuner,Command line tools
NodeVault,Performance tuning
ForgeTool,Command line tools
AutoFrame,Performance tuning
DreamScan,Command line tools
WraithCraft,System control
GhostTracker,Scheduler / Tracker
EchoCast,Data visualization
WraithShell,Comms + messaging
AutoCore,Garage simulation
LinkCore,Scheduler / Tracker
AutoDrive,Comms + messaging
ForgeMap,Command line tools
FireFrame,Builder utilities
AutoTool,Comms + messaging
GhostCraft,File system helpers
LinkTool,Auto diagnostics
WireTool,Auto diagnostics
NodeDrive,Data visualization
SteelDrive,Part lookup
ForgeFrame,Blueprint compiler
WireTuner,Project planner
AutoCraft,Comms + messaging
ForgeFlow,Project planner
EchoFrame,Auto diagnostics
PulseVault,Creative tools
ForgeTuner,Project planner
LinkShell,Creative tools
PulseTool,Command line tools
GhostVault,Auto diagnostics
EchoView,Command line tools
LinkMap,Performance tuning
LinkMap,System control
GhostDrive,Command line tools
PulseEngine,Part lookup
GhostTool,Comms + messaging
NodeEngine,Part lookup
GhostTracker,Part lookup
WraithMap,Security + audit
SteelCast,Performance tuning
EchoTuner,Builder utilities
ForgeDrive,File system helpers
ShadowCast,Command line tools
SteelShell,Garage simulation
FireEngine,Part lookup
LinkView,Project planner
WraithScan,Scheduler / Tracker
FireTool,System control
SteelScan,Data visualization
NodeMap,Comms + messaging
ForgeTracker,System control
WireVault,Project planner
FireEngine,Data visualization
SteelCraft,Security + audit
SteelTracker,Creative tools
EchoCore,Security + audit
NodeCore,Auto diagnostics
SteelCast,Garage simulation
NodeVault,Creative tools
EchoTuner,Performance tuning
DreamMap,Performance tuning
PhantomMap,Creative tools
LinkCast,Garage simulation
LinkScan,Part lookup
SteelFrame,Blueprint compiler
ShadowCast,Comms + messaging
ShadowCraft,Part lookup
GhostFlow,File system helpers
FireCraft,Project planner
ShadowDrive,Comms + messaging
PulseTracker,Part lookup
FireTool,Auto diagnostics
PulseEngine,Scheduler / Tracker
EchoEngine,Comms + messaging
NodeEngine,Comms + messaging
WireShell,Data visualization
WireTracker,Builder utilities
PhantomCraft,Security + audit
LinkView,Project planner
ShadowView,Wiring + electrical
ForgeTracker,Project planner
ShadowVault,Performance tuning
PulseVault,Data visualization
PhantomTracker,Project planner
SteelTuner,Garage simulation
FireFrame,Security + audit
LinkDrive,Project planner
AutoTracker,File system helpers
PhantomFrame,Part lookup
WraithCore,Auto diagnostics
FireDrive,Garage simulation
FireFlow,Security + audit
LinkVault,Builder utilities
EchoCast,Scheduler / Tracker
AutoView,Scheduler / Tracker
GhostFlow,Builder utilities
LinkFlow,Garage simulation
AutoView,Blueprint compiler
FireMap,Blueprint compiler
LinkMap,Part lookup
WraithDrive,File system helpers
PhantomScan,Builder utilities
ShadowCast,Performance tuning
PulseTuner,System control
PhantomVault,Security + audit
PulseScan,Data visualization
PhantomCast,File system helpers
GhostEngine,Security + audit
ShadowView,System control
EchoScan,Comms + messaging
EchoTracker,Performance tuning
WireScan,Garage simulation
LinkDrive,Data visualization
WraithScan,System control
PulseCast,Garage simulation
FireFrame,Creative tools
PhantomCore,Blueprint compiler
AutoFrame,System control
ShadowMap,System control
EchoCast,Creative tools
NodeScan,Wiring + electrical
FireFlow,Wiring + electrical
GhostFrame,Garage simulation
NodeCore,System control
GhostEngine,File system helpers
NodeTool,System control
WraithEngine,Security + audit
GhostFrame,Auto diagnostics
LinkView,Garage simulation
PulseTuner,Garage simulation
GhostEngine,System control
NodeEngine,Wiring + electrical
FireShell,Creative tools
ShadowFrame,Scheduler / Tracker
DreamDrive,System control
WireTool,Scheduler / Tracker
WraithTuner,Project planner
ShadowFrame,Auto diagnostics
AutoEngine,Blueprint compiler
DreamShell,File system helpers
GhostView,Wiring + electrical
GhostView,System control
ShadowDrive,Part lookup
PhantomTool,Auto diagnostics
EchoView,Scheduler / Tracker
ForgeCraft,System control
GhostCore,Security + audit
SteelDrive,Data visualization
AutoFlow,Security + audit
AutoVault,Creative tools
NodeVault,Builder utilities
LinkTracker,Wiring + electrical
AutoCore,Project planner
PhantomTracker,Blueprint compiler
AutoTool,Garage simulation
ForgeEngine,Wiring + electrical
DreamTool,Auto diagnostics
ShadowTracker,System control
PhantomCast,Garage simulation
ForgeCast,Comms + messaging
ForgeView,Scheduler / Tracker
SteelMap,Security + audit
LinkTracker,Security + audit
DreamCraft,Auto diagnostics
ForgeCraft,File system helpers
WraithFrame,File system helpers
FireFlow,Creative tools
SteelShell,System control
SteelCore,Performance tuning
NodeCast,Creative tools
SteelTool,Data visualization
FireFlow,Part lookup
LinkCast,System control
EchoVault,Scheduler / Tracker
EchoTuner,Project planner
ShadowView,Data visualization
EchoTracker,Project planner
PulseMap,Comms + messaging
PhantomFlow,Command line tools
GhostDrive,Creative tools
WraithScan,Comms + messaging
WireDrive,Scheduler / Tracker
WraithCast,Scheduler / Tracker
WraithCraft,Performance tuning
AutoTool,Blueprint compiler
DreamShell,Data visualization
NodeCraft,Builder utilities
LinkTool,Creative tools
PhantomCraft,Builder utilities
FireTool,Command line tools
EchoShell,Project planner
FireScan,Creative tools
ShadowDrive,Creative tools
GhostDrive,Command line tools
ShadowShell,Project planner
PhantomShell,Scheduler / Tracker
EchoCore,Performance tuning
ForgeTuner,Builder utilities
DreamDrive,Command line tools
GhostDrive,Command line tools
DreamView,Data visualization
GhostCore,Security + audit
FireTool,Scheduler / Tracker
FireVault,Security + audit
ForgeTuner,Auto diagnostics
PulseShell,Project planner
AutoCore,Security + audit
WireEngine,Builder utilities
PulseFrame,Builder utilities
GhostTracker,Creative tools
WraithCore,File system helpers
ShadowFlow,Part lookup
AutoTuner,Wiring + electrical
PulseShell,Security + audit
SteelDrive,Project planner
ShadowFlow,System control
DreamTracker,Performance tuning
ShadowEngine,Project planner
ShadowCore,Data visualization
DreamEngine,Garage simulation
WireTuner,Builder utilities
DreamEngine,Builder utilities
AutoCast,Wiring + electrical
SteelFrame,Command line tools
NodeMap,Creative tools
GhostCast,Garage simulation
ForgeTool,Creative tools
WraithEngine,Auto diagnostics
LinkShell,Command line tools
EchoTracker,Security + audit
ShadowVault,Security + audit
LinkEngine,Blueprint compiler
SteelEngine,Auto diagnostics
NodeVault,Blueprint compiler
ShadowCast,Blueprint compiler
ShadowScan,Wiring + electrical
SteelDrive,File system helpers
NodeCast,Performance tuning
FireView,Command line tools
DreamCore,Auto diagnostics
FireMap,Builder utilities
AutoShell,Creative tools
PhantomFlow,Data visualization
AutoMap,Comms + messaging
ForgeTuner,Garage simulation
WraithFlow,Performance tuning
NodeFrame,Blueprint compiler
PhantomFrame,Garage simulation
AutoEngine,Security + audit
NodeCraft,Garage simulation
ShadowCraft,Auto diagnostics
AutoCore,Data visualization
WraithFrame,File system helpers
ForgeShell,Builder utilities
WraithFrame,Auto diagnostics
NodeCraft,System control
LinkScan,Part lookup
LinkMap,Wiring + electrical
GhostCore,Garage simulation
EchoCast,Part lookup
ShadowVault,Blueprint compiler
GhostEngine,Project planner
FireFrame,Builder utilities
EchoVault,Comms + messaging
ForgeCore,Garage simulation
SteelTuner,Wiring + electrical
FireScan,Wiring + electrical
PulseFrame,Garage simulation
GhostMap,Creative tools
WraithDrive,Performance tuning
GhostFlow,Part lookup
PhantomShell,Project planner
PulseEngine,System control
